Block Number,GEOID,Latitude,Longitude,Offense Type,Reported On,UCR Offense Code
2030,420550124002030,4829603.89059134,-8634945.20085989,"""Simple Assault""",2025-01-24,"""S"""
4041,420550125014041,4828637.62598252,-8630206.43992783,"""False Pretense/Swindle/Confidence Game""",2025-01-24,"""S"""
4028,420010316004028,4831614.61334834,-8612734.95185685,"""Theft From Building""",2025-01-24,"""23D"""
2018,420550120022018,4834919.58648717,-8641718.10370151,"""False Pretense/Swindle/Confidence Game""",2025-01-23,"""26A"""
2003,420550124002003,4830057.66481412,-8636231.9432786,"""Simple Assault""",2025-01-23,"""13B"""
4041,420550125014041,4828717.39647561,-8630220.68883111,"""Shoplifting""",2025-01-23,"""S"""
5013,420010316005013,4831575.6576688,-8614124.21953434,"""Identity Theft""",2025-01-22,"""26F"""
1012,420550123001012,4829916.92604556,-8634793.36104278,"""Drug/Narcotic Violations""",2025-01-22,"""S"""
4028,420010316004028,4831582.46411433,-8612416.80065109,"""Theft From Building""",2025-01-22,"""23D"""
4041,420550125014041,4828637.62598252,-8630206.43992783,"""Shoplifting""",2025-01-22,"""S"""
4030,420550125014030,4829678.31169222,-8633803.61912905,"""Drug/Narcotic Violations""",2025-01-22,"""35A"""
4041,420550125014041,4828652.53765938,-8630213.67569774,"""Shoplifting""",2025-01-21,"""S"""
4041,420550125014041,4828667.88368031,-8630219.01903574,"""Shoplifting""",2025-01-20,"""S"""
3001,420550123003001,4831848.05932823,-8637108.80727154,"""Kidnapping/Abduction""",2025-01-20,"""100"""
3001,420550123003001,4831957.39909171,-8636820.93498396,"""Intimidation""",2025-01-20,"""13C"""
1014,420550123001014,4830500.88936293,-8635099.60108696,"""Destruction/Damage/Vandalism of Property""",2025-01-20,"""290"""
2007,420550125022007,4827690.27341736,-8631043.11743437,"""Theft of Motor Vehicle Parts or Accessories""",2025-01-20,"""23G"""
3002,420550125013002,4832110.0424422,-8633679.83193896,"""All Other Larceny""",2025-01-20,"""23H"""
2003,420550125022003,4827973.57225515,-8629819.60454317,"""Intimidation""",2025-01-20,"""S"""
5042,420010316005042,4829356.01852407,-8614749.16724002,"""Hacking/Computer Invasion""",2025-01-19,"""26G"""
5042,420010316005042,4829358.62463904,-8614655.21356056,"""False Pretense/Swindle/Confidence Game""",2025-01-19,"""26A"""
1022,420550122001022,4830100.81347627,-8637484.62190181,"""Simple Assault""",2025-01-19,"""13B"""
4028,420010316004028,4830983.66702823,-8613279.8609031,"""Theft From Building""",2025-01-19,"""23D"""
4037,420550125014037,4830152.93988317,-8633924.84611625,"""Simple Assault""",2025-01-19,"""13B"""
4041,420550125014041,4828667.88368031,-8630219.01903574,"""Pocket-picking""",2025-01-18,"""S"""
1008,420550122001008,4830313.95358167,-8636749.35644627,"""Drug Equipment Violations""",2025-01-18,"""35B"""
1008,420550122001008,4830160.17951497,-8636752.36206572,"""Drug/Narcotic Violations""",2025-01-18,"""35A"""
3001,420550123003001,4832487.89494566,-8636318.43867232,"""Simple Assault""",2025-01-18,"""13B"""
5013,420010316005013,4831497.60208785,-8614193.57159488,"""Driving Under the Influence""",2025-01-18,"""90D"""
2006,420550122002006,4831062.87585072,-8637037.22877706,"""Drug/Narcotic Violations""",2025-01-17,"""35A"""
3001,420550123003001,4832492.23982764,-8636313.31797436,"""Simple Assault""",2025-01-17,"""13B"""
2000,420550122002000,4830753.27976399,-8636466.49355396,"""All Other Offenses""",2025-01-17,"""90Z"""
2033,420010317002033,4833360.09669071,-8612666.71307495,"""Identity Theft""",2025-01-17,"""26F"""
3050,420010316003050,4825847.79772724,-8620093.17220969,"""Simple Assault""",2025-01-17,"""13B"""
1003,420550122001003,4830496.9796868,-8636347.49296824,"""All Other Larceny""",2025-01-16,"""23H"""
1001,420550124001001,4830586.32196811,-8636233.83573714,"""Drug/Narcotic Violations""",2025-01-16,"""S"""
2003,420550125022003,4827770.76025862,-8628721.66005237,"""All Other Offenses""",2025-01-16,"""90Z"""
2029,420550125022029,4825920.30878373,-8628657.53991282,"""Aggravated Assault""",2025-01-15,"""13A"""
4041,420550125014041,4828683.66404733,-8630222.02466372,"""Shoplifting""",2025-01-15,"""S"""
4041,420550125014041,4828667.88368031,-8630219.01903574,"""Counterfeiting/Forgery""",2025-01-15,"""S"""
4026,420550125014026,4829014.6230563,-8632813.65455491,"""All Other Larceny""",2025-01-15,"""23H"""
1000,420550124001000,4830671.32095671,-8636174.94771241,"""Theft From Building""",2025-01-14,"""23D"""
1006,420550123001006,4830703.61209567,-8635727.77717987,"""Simple Assault""",2025-01-14,"""13B"""
2023,420550123002023,4830739.95782683,-8635730.22621127,"""Simple Assault""",2025-01-14,"""13B"""
1028,420550124001028,4829226.72624123,-8636760.26570505,"""Simple Assault""",2025-01-14,"""13B"""
2024,420550123002024,4830638.45075052,-8635868.4850569,"""Shoplifting""",2025-01-14,"""S"""
4006,420550125014006,4829231.07003931,-8630111.48440233,"""Drug/Narcotic Violations""",2025-01-13,"""35A"""
4041,420550125014041,4828501.68463587,-8630139.31424709,"""Burglary/Breaking and Entering""",2025-01-12,"""S"""
1000,420550123001000,4830839.14908203,-8634948.5405078,"""Simple Assault""",2025-01-12,"""13B"""
1023,420550125011023,4828329.5530494,-8625720.7083102,"""Drug/Narcotic Violations""",2025-01-12,"""35A"""
1023,420550125011023,4828329.26351163,-8625716.70080726,"""Drug Equipment Violations""",2025-01-12,"""35B"""
1004,420550125011004,4833139.35914991,-8627143.59472747,"""Destruction/Damage/Vandalism of Property""",2025-01-12,"""290"""
4041,420550125014041,4828667.88368031,-8630219.01903574,"""False Pretense/Swindle/Confidence Game""",2025-01-12,"""S"""
2015,420550125022015,4827329.3940316,-8630120.3898689,"""Drug Equipment Violations""",2025-01-11,"""35B"""
2015,420550125022015,4827312.45777432,-8630082.20727078,"""Drug/Narcotic Violations""",2025-01-11,"""35A"""
1002,420550125011002,4829353.26702577,-8626731.26701466,"""Simple Assault""",2025-01-11,"""13B"""
4041,420550125014041,4828667.88368031,-8630219.01903574,"""Shoplifting""",2025-01-10,"""S"""
2022,420550123002022,4830878.53616226,-8636333.24408817,"""Simple Assault""",2025-01-10,"""S"""
2010,420550121002010,4828839.00773657,-8633315.14900871,"""Pocket-picking""",2025-01-09,"""S"""
2018,420550121002018,4827829.24358294,-8633502.49971947,"""Simple Assault""",2025-01-09,"""13B"""
2018,420550121002018,4827848.93119729,-8633501.49784473,"""Intimidation""",2025-01-09,"""13C"""
4042,420550125014042,4828114.13887028,-8630717.50784339,"""Drug/Narcotic Violations""",2025-01-09,"""S"""
2027,420550121002027,4827616.73564204,-8633280.30593579,"""All Other Offenses""",2025-01-09,"""90Z"""
4041,420550125014041,4828699.87876252,-8630222.24730359,"""False Pretense/Swindle/Confidence Game""",2025-01-09,"""S"""
2026,420550123002026,4830517.39659199,-8635926.59384314,"""Drug/Narcotic Violations""",2025-01-09,"""35A"""
5058,420010316005058,4828197.95948503,-8614293.75900296,"""Impersonation""",2025-01-08,"""26C"""
4006,420550125014006,4828053.48227054,-8628513.15859518,"""Driving Under the Influence""",2025-01-07,"""90D"""
4028,420010316004028,4830992.78990587,-8613276.63263732,"""Theft From Building""",2025-01-06,"""23D"""
2001,420550122002001,4830795.27305958,-8636494.21211793,"""Drug/Narcotic Violations""",2025-01-05,"""35A"""
2001,420550122002001,4830801.49966718,-8636489.6480177,"""Drug Equipment Violations""",2025-01-05,"""35B"""
2003,420550125022003,4827973.57225515,-8629819.60454317,"""Drug Equipment Violations""",2025-01-05,"""S"""
3018,420550120023018,4836787.06772487,-8633675.0454349,"""Simple Assault""",2025-01-05,"""13B"""
2026,420550123002026,4830607.02864828,-8636049.37928434,"""Shoplifting""",2025-01-04,"""S"""
1023,420550122001023,4830136.86740733,-8637742.77188338,"""Destruction/Damage/Vandalism of Property""",2025-01-04,"""290"""
2020,420550124002020,4829087.15740379,-8635957.2066407,"""Driving Under the Influence""",2025-01-03,"""90D"""
4041,420550125014041,4828683.66404733,-8630222.02466372,"""Pocket-picking""",2025-01-03,"""S"""
1002,420550123001002,4830987.57574075,-8634860.15281198,"""Simple Assault""",2025-01-03,"""13B"""
4041,420550125014041,4828667.88368031,-8630219.01903574,"""Shoplifting""",2025-01-02,"""S"""
4041,420550125014041,4828683.66404733,-8630222.02466372,"""False Pretense/Swindle/Confidence Game""",2025-01-02,"""S"""
1008,420550124001008,4830226.78571381,-8636350.27594277,"""Shoplifting""",2025-01-02,"""S"""
1034,420550125021034,4825517.52231879,-8624093.99594217,"""All Other Larceny""",2025-01-02,"""23H"""
3023,420550123003023,4831051.00157243,-8636544.63987589,"""Simple Assault""",2025-01-01,"""13B"""
4041,420550125014041,4828652.53765938,-8630213.67569774,"""Pocket-picking""",2025-01-01,"""S"""
1007,420550123001007,4830693.91026768,-8635763.39942756,"""Simple Assault""",2025-01-01,"""S"""
2050,420010317002050,4832208.08963736,-8614842.34182559,"""Destruction/Damage/Vandalism of Property""",2025-01-01,"""290"""
4041,420550125014041,4828699.87876252,-8630222.24730359,"""Pocket-picking""",2024-12-31,"""S"""
1008,420550124001008,4830226.78571381,-8636350.27594277,"""Drug Equipment Violations""",2024-12-31,"""S"""
2017,420550123002017,4831053.46333251,-8636240.40361267,"""Burglary/Breaking and Entering""",2024-12-31,"""220"""
4000,420550119004000,4832737.00417307,-8643826.4954052,"""Drug Equipment Violations""",2024-12-31,"""35B"""
2010,420550123002010,4831391.7418229,-8635537.08686724,"""All Other Offenses""",2024-12-31,"""S"""
1013,420550125011013,4828923.12348851,-8626979.28689604,"""Simple Assault""",2024-12-30,"""13B"""
1005,420550123001005,4830714.1827649,-8635490.55527145,"""Aggravated Assault""",2024-12-29,"""13A"""
2001,420550121002001,4827607.76066961,-8632106.44153835,"""All Other Larceny""",2024-12-29,"""23H"""
1019,420550122001019,4830233.88068484,-8637555.42112676,"""Destruction/Damage/Vandalism of Property""",2024-12-29,"""290"""
2003,420550125022003,4827973.57225515,-8629819.60454317,"""Theft From Motor Vehicle""",2024-12-28,"""S"""
1008,420550125021008,4825862.84970903,-8625245.8190905,"""Destruction/Damage/Vandalism of Property""",2024-12-26,"""290"""
2000,420010317002000,4836010.47883338,-8611730.73863629,"""Driving Under the Influence""",2024-12-26,"""90D"""
1013,420550122001013,4830467.29560563,-8637014.74220291,"""Destruction/Damage/Vandalism of Property""",2024-12-26,"""290"""
1009,420550124001009,4830053.9001567,-8636475.3990808,"""Destruction/Damage/Vandalism of Property""",2024-12-26,"""290"""
4028,420550125014028,4828045.08587015,-8629206.12264138,"""Drug/Narcotic Violations""",2024-12-25,"""35A"""
4041,420550125014041,4828652.53765938,-8630213.67569774,"""Shoplifting""",2024-12-24,"""S"""
4028,420550125014028,4828079.53996591,-8629208.46035315,"""False Pretense/Swindle/Confidence Game""",2024-12-23,"""26A"""
4041,420550125014041,4828699.87876252,-8630222.24730359,"""Pocket-picking""",2024-12-23,"""S"""
4028,420010316004028,4830928.20590378,-8613304.79647406,"""Theft From Building""",2024-12-22,"""23D"""
4041,420550125014041,4828134.84041358,-8630643.81431851,"""Animal Cruelty""",2024-12-22,"""S"""
1047,420550122001047,4829151.15029153,-8637320.87083192,"""Drug/Narcotic Violations""",2024-12-22,"""35A"""
1047,420550122001047,4829146.37252306,-8637312.74450631,"""Drug Equipment Violations""",2024-12-22,"""35B"""
4041,420550125014041,4828683.66404733,-8630222.02466372,"""Drug/Narcotic Violations""",2024-12-22,"""S"""
4041,420550125014041,4828667.88368031,-8630219.01903574,"""Shoplifting""",2024-12-20,"""S"""
2004,420550122002004,4831036.95513826,-8636948.17315531,"""All Other Larceny""",2024-12-20,"""S"""
4041,420550125014041,4828132.66889659,-8631133.84286992,"""Driving Under the Influence""",2024-12-20,"""S"""
2010,420550121002010,4828839.00773657,-8633315.14900871,"""Weapons Law Violations""",2024-12-19,"""S"""
4016,420550125014016,4830133.68220439,-8631997.6824888,"""Driving Under the Influence""",2024-12-19,"""90D"""
3002,420550125013002,4832120.90416977,-8635032.47549459,"""False Pretense/Swindle/Confidence Game""",2024-12-19,"""26A"""
1031,420550124001031,4828683.51891598,-8637271.77889762,"""Aggravated Assault""",2024-12-18,"""13A"""
1033,420550124001033,4829009.41079878,-8637103.24115233,"""Destruction/Damage/Vandalism of Property""",2024-12-17,"""290"""
1001,420550124001001,4830586.32196811,-8636233.83573714,"""Simple Assault""",2024-12-17,"""S"""
1043,420550122001043,4829748.09980821,-8638038.54784319,"""All Other Larceny""",2024-12-17,"""23H"""
3020,420550121003020,4826596.23910477,-8638912.73991866,"""Simple Assault""",2024-12-17,"""13B"""
1018,420550122001018,4830308.30643464,-8637436.08659912,"""Motor Vehicle Theft""",2024-12-16,"""240"""
1002,420550121001002,4831659.79491559,-8639173.11654391,"""Driving Under the Influence""",2024-12-16,"""90D"""
4041,420550125014041,4828068.68248029,-8630979.55400428,"""Driving Under the Influence""",2024-12-16,"""90D"""
2033,420010317002033,4833550.85542949,-8613444.05733176,"""Drug/Narcotic Violations""",2024-12-14,"""35A"""
3001,420550123003001,4832159.13769769,-8636782.30711876,"""Destruction/Damage/Vandalism of Property""",2024-12-14,"""290"""
3001,420550123003001,4832094.11167242,-8636768.72613336,"""Simple Assault""",2024-12-14,"""13B"""
3001,420550123003001,4832154.64813695,-8636775.85058605,"""Intimidation""",2024-12-14,"""13C"""
2033,420010317002033,4833536.37096017,-8613438.60267428,"""Simple Assault""",2024-12-13,"""13B"""
2003,420550125022003,4827974.44083177,-8629945.17296804,"""Counterfeiting/Forgery""",2024-12-13,"""S"""
3007,420550125013007,4834150.81955932,-8634989.84021853,"""Motor Vehicle Theft""",2024-12-13,"""240"""
3018,420550121003018,4828137.01130546,-8642491.66274239,"""Driving Under the Influence""",2024-12-13,"""90D"""
1010,420550123001010,4830341.1756572,-8635684.36254667,"""Motor Vehicle Theft""",2024-12-12,"""240"""
5013,420010316005013,4831449.95807298,-8614226.1882135,"""Theft From Building""",2024-12-10,"""23D"""
1006,420550124001006,4830358.26182532,-8636320.21967749,"""Identity Theft""",2024-12-10,"""26F"""
1008,420550124001008,4830226.78571381,-8636350.27594277,"""Destruction/Damage/Vandalism of Property""",2024-12-10,"""S"""
2017,420550124002017,4830037.97288859,-8635279.15945839,"""Trespass of Real Property""",2024-12-09,"""S"""
1008,420550124001008,4830226.78571381,-8636350.27594277,"""Driving Under the Influence""",2024-12-09,"""S"""
4012,420550125014012,4827973.13794239,-8630240.83762787,"""Driving Under the Influence""",2024-12-09,"""S"""
4023,420550125014023,4829754.47083261,-8632495.94866615,"""Simple Assault""",2024-12-09,"""13B"""
1004,420550124001004,4830500.31012017,-8635903.10542239,"""Disorderly Conduct""",2024-12-08,"""S"""
4028,420550125014028,4828052.1793509,-8629203.22833407,"""Simple Assault""",2024-12-08,"""13B"""
2020,420550124002020,4829338.06434695,-8634371.34869228,"""Driving Under the Influence""",2024-12-07,"""90D"""
3005,420550120023005,4837372.73763122,-8636124.52030502,"""Drug Equipment Violations""",2024-12-07,"""35B"""
2003,420550125022003,4827771.04978009,-8628727.44866771,"""All Other Offenses""",2024-12-07,"""90Z"""
2003,420550125022003,4827973.57225515,-8629819.60454317,"""Theft From Motor Vehicle""",2024-12-06,"""S"""
4041,420550125014041,4828699.87876252,-8630222.24730359,"""Shoplifting""",2024-12-06,"""S"""
1011,420550123001011,4830384.6152038,-8635749.0391932,"""All Other Larceny""",2024-12-06,"""S"""
1020,420550124001020,4829203.70592813,-8636771.6202955,"""Simple Assault""",2024-12-06,"""13B"""
2010,420550121002010,4828877.80788243,-8633302.2359457,"""Pocket-picking""",2024-12-05,"""23A"""
1003,420550123001003,4830738.22021641,-8634998.41165017,"""Simple Assault""",2024-12-05,"""13B"""
3024,420550123003024,4831166.4146119,-8636452.02203644,"""All Other Larceny""",2024-12-05,"""S"""
2013,420550123002013,4831030.43881091,-8636092.79392062,"""All Other Larceny""",2024-12-05,"""23H"""
4041,420550125014041,4828652.53765938,-8630213.67569774,"""False Pretense/Swindle/Confidence Game""",2024-12-04,"""S"""
4041,420550125014041,4828683.66404733,-8630222.02466372,"""Pocket-picking""",2024-12-04,"""S"""
3020,420550120023020,4836215.77547702,-8635608.77688473,"""Driving Under the Influence""",2024-12-04,"""90D"""
4006,420550125014006,4828489.81342706,-8629233.39594747,"""All Other Larceny""",2024-12-03,"""23H"""
4041,420550125014041,4828699.87876252,-8630222.24730359,"""Shoplifting""",2024-12-03,"""S"""
2030,420550124002030,4829603.89059134,-8634945.20085989,"""Disorderly Conduct""",2024-12-02,"""S"""
1011,420550123001011,4830376.07207802,-8635736.46008638,"""All Other Larceny""",2024-12-02,"""S"""
2030,420550124002030,4829470.10786273,-8634808.50047578,"""Theft From Building""",2024-12-02,"""S"""
1062,420010317001062,4836347.62115912,-8619944.67248859,"""Simple Assault""",2024-12-01,"""13B"""
4041,420550125014041,4828134.84041358,-8630643.81431851,"""Pocket-picking""",2024-12-01,"""S"""
4024,420550125014024,4829387.29097002,-8632992.99032931,"""Aggravated Assault""",2024-12-01,"""13A"""
3003,420550121003003,4826812.48910573,-8631785.95258434,"""Weapons Law Violations""",2024-11-30,"""520"""
3003,420550121003003,4826800.61986053,-8631789.51480856,"""Drug/Narcotic Violations""",2024-11-30,"""35A"""
1018,420550124001018,4829181.98868868,-8637011.95915007,"""Destruction/Damage/Vandalism of Property""",2024-11-30,"""290"""
1024,420550124001024,4828998.84199583,-8636162.70248042,"""Weapons Law Violations""",2024-11-29,"""520"""
1024,420550124001024,4829004.77792388,-8636170.27220846,"""Drug Equipment Violations""",2024-11-29,"""35B"""
1009,420550123001009,4830552.87285746,-8635524.3963991,"""Destruction/Damage/Vandalism of Property""",2024-11-29,"""S"""
2030,420550124002030,4829760.11751098,-8634868.05643653,"""Disorderly Conduct""",2024-11-28,"""S"""
1007,420550123001007,4830693.91026768,-8635763.39942756,"""Disorderly Conduct""",2024-11-28,"""S"""
1004,420550124001004,4830500.31012017,-8635903.10542239,"""Driving Under the Influence""",2024-11-28,"""S"""
4041,420550125014041,4828501.68463587,-8630139.31424709,"""Drug Equipment Violations""",2024-11-27,"""S"""
3015,420550120023015,4836801.41192813,-8635628.59178981,"""Curfew/Loitering/Vagrancy Violations""",2024-11-26,"""S"""
1043,420550122001043,4829764.60583239,-8638057.91744147,"""False Pretense/Swindle/Confidence Game""",2024-11-26,"""26A"""
4041,420550125014041,4828132.66889659,-8631133.84286992,"""Driving Under the Influence""",2024-11-26,"""S"""
1043,420550122001043,4829716.68051791,-8638080.07002464,"""Rape""",2024-11-26,"""11A"""
4041,420550125014041,4828717.39647561,-8630220.68883111,"""Shoplifting""",2024-11-26,"""S"""
2028,420550124002028,4829901.8676684,-8635146.24393803,"""Shoplifting""",2024-11-25,"""23C"""
2019,420550125022019,4825934.92686291,-8630026.32479982,"""False Pretense/Swindle/Confidence Game""",2024-11-25,"""26A"""
3015,420550120023015,4837241.45879136,-8635751.93384633,"""Simple Assault""",2024-11-25,"""13B"""
2002,420550125012002,4831927.27631991,-8635114.6292947,"""Drug/Narcotic Violations""",2024-11-25,"""35A"""
2002,420550125012002,4831805.48241861,-8635164.27779697,"""Drug Equipment Violations""",2024-11-25,"""35B"""
4041,420550125014041,4828622.28000827,-8630198.3136017,"""Disorderly Conduct""",2024-11-25,"""90C"""
3046,420550120013046,4834005.67780554,-8626796.38917072,"""Driving Under the Influence""",2024-11-24,"""90D"""
1007,420550125011007,4833349.37746674,-8630853.54056675,"""Aggravated Assault""",2024-11-24,"""13A"""
4041,420550125014041,4828134.84041358,-8630643.81431851,"""Shoplifting""",2024-11-23,"""S"""
3002,420550125013002,4832092.37390028,-8634574.28432595,"""Destruction/Damage/Vandalism of Property""",2024-11-23,"""290"""
3002,420550125013002,4832078.18119552,-8634588.19926593,"""Intimidation""",2024-11-23,"""13C"""
2014,420550123002014,4831140.49365481,-8635880.61891046,"""Theft From Motor Vehicle""",2024-11-23,"""23F"""
2019,420550124002019,4829270.88488001,-8636189.08522167,"""Drunkenness""",2024-11-23,"""90E"""
3009,420550125013009,4834309.43530816,-8637280.57342351,"""Drug/Narcotic Violations""",2024-11-23,"""35A"""
2021,420550125022021,4826823.05573897,-8629842.09102958,"""Simple Assault""",2024-11-23,"""13B"""
2000,420550124002000,4830434.28131764,-8635815.05167435,"""Shoplifting""",2024-11-22,"""23C"""
1008,420550121001008,4832572.47537679,-8641693.83592648,"""Drug Equipment Violations""",2024-11-22,"""35B"""
4012,420550125014012,4827973.13794239,-8630240.83762787,"""Drug Equipment Violations""",2024-11-22,"""S"""
4041,420550125014041,4828667.88368031,-8630219.01903574,"""Shoplifting""",2024-11-22,"""S"""
1014,420550124001014,4829258.2887812,-8636512.69108181,"""Driving Under the Influence""",2024-11-21,"""90D"""
1011,420550122001011,4830478.73481675,-8636948.6184053,"""All Other Offenses""",2024-11-21,"""90Z"""
1011,420550123001011,4830384.6152038,-8635749.0391932,"""All Other Offenses""",2024-11-21,"""S"""
4028,420550125014028,4828073.74935394,-8629194.65673169,"""Weapons Law Violations""",2024-11-20,"""520"""
2003,420550125022003,4827973.57225515,-8629819.60454317,"""All Other Larceny""",2024-11-20,"""S"""
1014,420550125011014,4830649.02172233,-8628297.3101654,"""Theft From Building""",2024-11-19,"""23D"""
1011,420550123001011,4830376.07207802,-8635736.46008638,"""Disorderly Conduct""",2024-11-19,"""S"""
4001,420550125014001,4832008.66640377,-8630611.97712884,"""Theft From Building""",2024-11-19,"""23D"""
4041,420550125014041,4828667.88368031,-8630219.01903574,"""Shoplifting""",2024-11-19,"""S"""
4024,420550125014024,4828832.34803242,-8633175.22036475,"""Driving Under the Influence""",2024-11-19,"""S"""
4012,420550125014012,4827973.13794239,-8630240.83762787,"""Driving Under the Influence""",2024-11-19,"""S"""
1001,420550122001001,4830646.84927662,-8636311.09149092,"""Fondling""",2024-11-18,"""11D"""
4041,420550125014041,4828683.66404733,-8630222.02466372,"""Shoplifting""",2024-11-18,"""S"""
2000,420550125022000,4828123.40416287,-8625315.72786584,"""Drug/Narcotic Violations""",2024-11-18,"""35A"""
1022,420550124001022,4829318.95283159,-8636253.87318796,"""All Other Larceny""",2024-11-17,"""S"""
4028,420550125014028,4828101.97861908,-8629261.33712892,"""All Other Offenses""",2024-11-16,"""90Z"""
3019,420550125013019,4830765.44352912,-8632372.16140455,"""Driving Under the Influence""",2024-11-15,"""90D"""
2024,420550121002024,4827467.63540307,-8632291.00930469,"""Simple Assault""",2024-11-15,"""13B"""
2034,420010317002034,4834686.21365046,-8613120.45152765,"""Disorderly Conduct""",2024-11-13,"""90C"""
1022,420550124001022,4829318.95283159,-8636253.87318796,"""Shoplifting""",2024-11-13,"""S"""
1043,420550122001043,4829735.06875562,-8638026.6366533,"""Intimidation""",2024-11-13,"""13C"""
1019,420550123001019,4829870.73750427,-8634638.84953898,"""Driving Under the Influence""",2024-11-13,"""90D"""
4012,420550125014012,4827973.13794239,-8630240.83762787,"""Driving Under the Influence""",2024-11-13,"""S"""
2009,420550122002009,4831443.00580264,-8637689.3385769,"""Trespass of Real Property""",2024-11-12,"""90J"""
4041,420550125014041,4828667.88368031,-8630219.01903574,"""All Other Larceny""",2024-11-12,"""S"""
1002,420550121001002,4832148.13085098,-8640412.99344411,"""All Other Offenses""",2024-11-12,"""90Z"""
1008,420550124001008,4830226.78571381,-8636350.27594277,"""Driving Under the Influence""",2024-11-12,"""S"""
2020,420550122002020,4830765.4433096,-8636700.59851681,"""Trespass of Real Property""",2024-11-11,"""S"""
2003,420550125022003,4827973.57225515,-8629819.60454317,"""Intimidation""",2024-11-11,"""S"""
4041,420550125014041,4828683.66404733,-8630222.02466372,"""Drug/Narcotic Violations""",2024-11-11,"""S"""
3014,420550125013014,4833420.92909408,-8640996.86441982,"""Intimidation""",2024-11-11,"""13C"""
2049,420010317002049,4830770.22291551,-8615719.53961532,"""Rape""",2024-11-10,"""11A"""
1008,420550125021008,4825620.27979764,-8625457.88277454,"""Destruction/Damage/Vandalism of Property""",2024-11-10,"""290"""
1002,420550123001002,4830013.50279604,-8634753.17469891,"""Drunkenness""",2024-11-10,"""90E"""
1032,420550122001032,4829851.33537355,-8636769.05997901,"""Drug/Narcotic Violations""",2024-11-10,"""S"""
1032,420550122001032,4829851.33537355,-8636769.05997901,"""Drunkenness""",2024-11-10,"""S"""
4041,420550125014041,4828652.53765938,-8630213.67569774,"""Shoplifting""",2024-11-10,"""S"""
1012,420550125011012,4831078.08117342,-8629118.06904896,"""Driving Under the Influence""",2024-11-10,"""90D"""
4041,420550125014041,4828652.53765938,-8630213.67569774,"""Pocket-picking""",2024-11-09,"""S"""
2003,420550125022003,4827973.57225515,-8629819.60454317,"""Wire Fraud""",2024-11-09,"""S"""
2075,420010317002075,4828637.91612588,-8618401.78347763,"""Simple Assault""",2024-11-09,"""13B"""
1007,420550124001007,4830384.75997032,-8636385.67555985,"""Destruction/Damage/Vandalism of Property""",2024-11-08,"""290"""
1007,420550124001007,4830391.13112053,-8636381.22277915,"""Simple Assault""",2024-11-08,"""13B"""
1001,420550122001001,4830627.01133411,-8636369.97951894,"""All Other Larceny""",2024-11-08,"""23H"""
4041,420550125014041,4828667.88368031,-8630219.01903574,"""Shoplifting""",2024-11-08,"""S"""
1011,420550123001011,4830376.07207802,-8635736.46008638,"""All Other Larceny""",2024-11-07,"""S"""
2003,420550125022003,4827973.57225515,-8629819.60454317,"""All Other Larceny""",2024-11-07,"""S"""
3037,420550119003037,4827236.60603374,-8646106.20769113,"""Identity Theft""",2024-11-06,"""26F"""
1015,420550123001015,4830171.90802854,-8635439.68222098,"""False Pretense/Swindle/Confidence Game""",2024-11-05,"""26A"""
2023,420550123002023,4830945.00236067,-8635757.16554677,"""Intimidation""",2024-11-05,"""13C"""
1026,420550124001026,4828905.74968377,-8637005.50260369,"""Theft From Motor Vehicle""",2024-11-05,"""23F"""
1032,420550124001032,4829173.73615452,-8637015.85533305,"""Simple Assault""",2024-11-05,"""13B"""
2004,420550125012004,4831864.56892932,-8635139.56486527,"""All Other Larceny""",2024-11-05,"""23H"""
4024,420550125014024,4829114.95533269,-8633317.93201072,"""All Other Offenses""",2024-11-05,"""S"""
2022,420550123002022,4830929.50800109,-8636305.6368484,"""Simple Assault""",2024-11-04,"""S"""
2022,420550123002022,4830908.07662803,-8636317.10275846,"""Destruction/Damage/Vandalism of Property""",2024-11-04,"""290"""
3001,420550123003001,4831748.4236837,-8635873.82845,"""Weapons Law Violations""",2024-11-04,"""520"""
4041,420550125014041,4828667.88368031,-8630219.01903574,"""Shoplifting""",2024-11-04,"""S"""
1026,420550125011026,4828885.04706183,-8626790.04370067,"""Driving Under the Influence""",2024-11-04,"""90D"""
4006,420550125014006,4828985.52280326,-8627497.47929069,"""Destruction/Damage/Vandalism of Property""",2024-11-04,"""290"""
1006,420550121001006,4832084.26343726,-8641346.07370404,"""Intimidation""",2024-11-04,"""13C"""
1022,420550124001022,4829318.95283159,-8636253.87318796,"""Destruction/Damage/Vandalism of Property""",2024-11-03,"""S"""
1016,420550125021016,4826390.85046228,-8624039.5607379,"""Drug Equipment Violations""",2024-11-03,"""35B"""
2028,420550120012028,4835782.29344461,-8634181.77186465,"""Driving Under the Influence""",2024-11-03,"""90D"""
3014,420550125013014,4833433.09590674,-8640986.84566313,"""Simple Assault""",2024-11-03,"""13B"""
3013,420010316003013,4828006.14459224,-8621426.55759504,"""Driving Under the Influence""",2024-11-02,"""90D"""
2036,420550125022036,4826135.38582532,-8629728.32243996,"""Disorderly Conduct""",2024-11-02,"""90C"""
1014,420550125021014,4826592.33177516,-8624026.87032208,"""Simple Assault""",2024-11-02,"""13B"""
3023,420550125013023,4831190.3085118,-8632630.97932285,"""Burglary/Breaking and Entering""",2024-11-01,"""220"""
1016,420550121001016,4829662.09512751,-8638909.17784818,"""Counterfeiting/Forgery""",2024-11-01,"""250"""
2012,420550119002012,4836881.24732184,-8644373.4084436,"""Simple Assault""",2024-11-01,"""13B"""
3031,420550123003031,4831280.96012691,-8636145.89334692,"""Destruction/Damage/Vandalism of Property""",2024-10-31,"""290"""
1011,420550123001011,4830376.07207802,-8635736.46008638,"""Intimidation""",2024-10-31,"""S"""
4041,420550125014041,4828683.66404733,-8630222.02466372,"""Trespass of Real Property""",2024-10-30,"""S"""
2014,420550123002014,4830965.85457292,-8635964.99910203,"""Destruction/Damage/Vandalism of Property""",2024-10-30,"""290"""
1015,420550125021015,4826448.45749412,-8623981.11798986,"""Fondling""",2024-10-29,"""11D"""
1000,420550124001000,4830607.02864828,-8636049.37928434,"""Aggravated Assault""",2024-10-29,"""S"""
2022,420550123002022,4830782.0958477,-8636215.35670576,"""Shoplifting""",2024-10-28,"""23C"""
1002,420550121001002,4832056.45742584,-8640145.15866101,"""Liquor Law Violations""",2024-10-28,"""90G"""
2010,420550121002010,4828832.34803242,-8633175.22036475,"""Shoplifting""",2024-10-28,"""S"""
2020,420550122002020,4830765.4433096,-8636700.59851681,"""Simple Assault""",2024-10-27,"""S"""
2016,420550125022016,4825462.52535369,-8632056.23632461,"""Drug/Narcotic Violations""",2024-10-27,"""35A"""
3026,420550125013026,4832403.16988402,-8641174.53033125,"""Destruction/Damage/Vandalism of Property""",2024-10-26,"""290"""
4024,420550125014024,4828776.31977615,-8633018.81642853,"""Drug/Narcotic Violations""",2024-10-26,"""35A"""
4024,420550125014024,4828785.8749604,-8633045.19915657,"""Drug Equipment Violations""",2024-10-26,"""35B"""
3002,420550125013002,4833571.27767191,-8631150.31843307,"""Drug/Narcotic Violations""",2024-10-26,"""35A"""
3002,420550125013002,4833514.49855779,-8631100.44728276,"""Drug Equipment Violations""",2024-10-26,"""35B"""
1000,420550123001000,4831110.22849316,-8635120.97446653,"""Weapons Law Violations""",2024-10-26,"""520"""
4014,420550125014014,4830473.95666962,-8631866.65942432,"""Disorderly Conduct""",2024-10-26,"""90C"""
2010,420550121002010,4828839.00773657,-8633315.14900871,"""Weapons Law Violations""",2024-10-25,"""S"""
1014,420550124001014,4829468.94949479,-8636458.81244205,"""Drug/Narcotic Violations""",2024-10-25,"""35A"""
1001,420550125021001,4827762.50912316,-8624147.65206595,"""All Other Larceny""",2024-10-25,"""23H"""
2003,420550125022003,4827973.57225515,-8629819.60454317,"""All Other Larceny""",2024-10-25,"""S"""
3001,420550123003001,4831951.75104864,-8636824.60852802,"""Drug/Narcotic Violations""",2024-10-24,"""35A"""
3000,420550120023000,4839195.60601764,-8635401.834037,"""Simple Assault""",2024-10-24,"""13B"""
2011,420550120022011,4836763.73986151,-8639661.25292093,"""Simple Assault""",2024-10-24,"""13B"""
1022,420550124001022,4829318.95283159,-8636253.87318796,"""Simple Assault""",2024-10-24,"""S"""
3005,420010316003005,4828091.99045028,-8616221.59054177,"""Disorderly Conduct""",2024-10-24,"""90C"""
2023,420550123002023,4830870.42706572,-8635635.82726016,"""Burglary/Breaking and Entering""",2024-10-23,"""220"""
1022,420550124001022,4829286.95576576,-8636210.79252996,"""Drunkenness""",2024-10-23,"""90E"""
2019,420550124002019,4829697.27889453,-8636116.50491246,"""Drug Equipment Violations""",2024-10-23,"""35B"""
1001,420550124001001,4830444.85166602,-8636275.35791305,"""Destruction/Damage/Vandalism of Property""",2024-10-23,"""290"""
3024,420550123003024,4830871.58547161,-8636446.34472579,"""Disorderly Conduct""",2024-10-23,"""S"""
2022,420550123002022,4830878.53616226,-8636333.24408817,"""Simple Assault""",2024-10-22,"""S"""
2003,420550125022003,4827973.57225515,-8629819.60454317,"""Intimidation""",2024-10-22,"""S"""
1012,420550121001012,4826461.917392,-8645479.8126819,"""Drug Equipment Violations""",2024-10-21,"""35B"""
1018,420550123001018,4829999.31304997,-8634758.74067447,"""Drunkenness""",2024-10-21,"""90E"""
2003,420550120022003,4837300.43260252,-8636376.10242915,"""Simple Assault""",2024-10-21,"""13B"""
2009,420550125012009,4831411.29171397,-8634399.51263654,"""Destruction/Damage/Vandalism of Property""",2024-10-20,"""290"""
2012,420550122002012,4831015.95792597,-8637595.2735563,"""Theft of Motor Vehicle Parts or Accessories""",2024-10-20,"""23G"""
4041,420550125014041,4828699.87876252,-8630222.24730359,"""Shoplifting""",2024-10-20,"""S"""
2003,420550122002003,4831017.6956542,-8636958.97114832,"""Burglary/Breaking and Entering""",2024-10-19,"""220"""
2003,420550122002003,4831036.95513826,-8636948.17315531,"""Destruction/Damage/Vandalism of Property""",2024-10-19,"""S"""
1008,420550125021008,4825843.31074502,-8625259.84534974,"""Burglary/Breaking and Entering""",2024-10-19,"""220"""
4041,420550125014041,4828667.88368031,-8630219.01903574,"""Shoplifting""",2024-10-19,"""S"""
2022,420550125022022,4826858.5188521,-8629776.96910891,"""Motor Vehicle Theft""",2024-10-18,"""240"""
2009,420550123002009,4831381.0256345,-8635531.29825137,"""Sodomy""",2024-10-18,"""11B"""
2009,420550123002009,4831149.03743851,-8635832.64019537,"""Driving Under the Influence""",2024-10-18,"""90D"""
5013,420010316005013,4831464.43951228,-8614218.39584743,"""Destruction/Damage/Vandalism of Property""",2024-10-18,"""290"""
2038,420010317002038,4834915.82146894,-8612844.49043518,"""Driving Under the Influence""",2024-10-18,"""90D"""
4020,420550125014020,4828252.24641883,-8631478.48812705,"""All Other Offenses""",2024-10-18,"""90Z"""
4041,420550125014041,4828683.66404733,-8630222.02466372,"""Destruction/Damage/Vandalism of Property""",2024-10-18,"""S"""
3001,420550123003001,4831942.91693385,-8636880.82488798,"""Drug/Narcotic Violations""",2024-10-17,"""35A"""
1012,420550123001012,4829916.92604556,-8634793.36104278,"""Rape""",2024-10-17,"""S"""
4041,420550125014041,4828667.88368031,-8630219.01903574,"""Shoplifting""",2024-10-16,"""S"""
1019,420550124001019,4829216.44671211,-8636995.3725425,"""Destruction/Damage/Vandalism of Property""",2024-10-15,"""290"""
3013,420550120023013,4836559.01052806,-8634656.32704129,"""All Other Offenses""",2024-10-15,"""90Z"""
4028,420550125014028,4827972.99322966,-8629231.16953102,"""Credit Card/Automatic Teller Machine Fraud""",2024-10-14,"""26B"""
1011,420550123001011,4830384.6152038,-8635749.0391932,"""Drunkenness""",2024-10-14,"""S"""
3001,420550123003001,4831946.82711621,-8636828.94998927,"""Intimidation""",2024-10-14,"""13C"""
2003,420550125022003,4827974.44083177,-8629945.17296804,"""Drug Equipment Violations""",2024-10-14,"""S"""
2003,420550125022003,4827973.57225515,-8629819.60454317,"""Drug/Narcotic Violations""",2024-10-14,"""S"""
3019,420550121003019,4826441.2196428,-8639180.12941121,"""Destruction/Damage/Vandalism of Property""",2024-10-13,"""290"""
3019,420550121003019,4826416.32412828,-8639019.4953346,"""Simple Assault""",2024-10-13,"""13B"""
2020,420550122002020,4830607.31823263,-8636438.44102617,"""Drug Equipment Violations""",2024-10-12,"""35B"""
3001,420550123003001,4832122.20754014,-8635938.1711546,"""Simple Assault""",2024-10-12,"""13B"""
2036,420550125022036,4826130.75423737,-8629729.1016764,"""Motor Vehicle Theft""",2024-10-12,"""240"""
4024,420550125014024,4829114.95533269,-8633317.93201072,"""Shoplifting""",2024-10-11,"""S"""
3018,420550120023018,4835904.86033446,-8634218.72995331,"""Identity Theft""",2024-10-11,"""26F"""
2035,420550124002035,4829458.95932596,-8635922.14100886,"""Driving Under the Influence""",2024-10-11,"""90D"""
3013,420550120023013,4836801.41192813,-8635628.59178981,"""Drunkenness""",2024-10-10,"""S"""
1017,420550125021017,4826388.8240844,-8624159.22922779,"""Counterfeiting/Forgery""",2024-10-10,"""250"""
4041,420550125014041,4828652.53765938,-8630213.67569774,"""Shoplifting""",2024-10-10,"""S"""
4041,420550125014041,4828132.66889659,-8631133.84286992,"""False Pretense/Swindle/Confidence Game""",2024-10-10,"""S"""
4041,420550125014041,4828652.53765938,-8630213.67569774,"""Trespass of Real Property""",2024-10-10,"""S"""
2000,420550124002000,4830483.80287856,-8635881.0641555,"""Simple Assault""",2024-10-09,"""13B"""
4041,420550125014041,4828683.66404733,-8630222.02466372,"""Drug Equipment Violations""",2024-10-09,"""S"""
4041,420550125014041,4828667.88368031,-8630219.01903574,"""Pocket-picking""",2024-10-09,"""S"""
4039,420550125014039,4829804.42329607,-8634404.85589293,"""Drug Equipment Violations""",2024-10-09,"""35B"""
2026,420550122002026,4830744.44671658,-8636409.16399785,"""Simple Assault""",2024-10-08,"""13B"""
4041,420550125014041,4828667.88368031,-8630219.01903574,"""Pocket-picking""",2024-10-08,"""S"""
2003,420550125022003,4827973.57225515,-8629819.60454317,"""False Pretense/Swindle/Confidence Game""",2024-10-08,"""S"""
2019,420550124002019,4829280.15097971,-8636072.08840078,"""Destruction/Damage/Vandalism of Property""",2024-10-07,"""290"""
2001,420550121002001,4827535.09218982,-8631525.68756987,"""Drug Equipment Violations""",2024-10-07,"""35B"""
2001,420550121002001,4827546.96230862,-8631524.12909711,"""Drug/Narcotic Violations""",2024-10-07,"""35A"""
2030,420550124002030,4829470.10786273,-8634808.50047578,"""Shoplifting""",2024-10-07,"""S"""
2010,420550123002010,4831243.74359491,-8635381.46216306,"""Destruction/Damage/Vandalism of Property""",2024-10-07,"""290"""
3018,420550120023018,4836625.80437162,-8634459.40280393,"""Simple Assault""",2024-10-07,"""13B"""
1005,420550121001005,4832047.91280487,-8641368.56024636,"""Driving Under the Influence""",2024-10-07,"""90D"""
4020,420550125014020,4828857.24970948,-8630701.14391046,"""Drug/Narcotic Violations""",2024-10-07,"""35A"""
4020,420550125014020,4828837.70488097,-8630714.27961349,"""Drug Equipment Violations""",2024-10-07,"""35B"""
4035,420550125014035,4829589.12232779,-8633986.51710506,"""Kidnapping/Abduction""",2024-10-06,"""100"""
1039,420550122001039,4829259.15744207,-8637182.055389,"""Destruction/Damage/Vandalism of Property""",2024-10-06,"""290"""
2030,420550125022030,4825748.51098904,-8628105.06109885,"""Simple Assault""",2024-10-06,"""13B"""
4006,420550125014006,4828965.10905476,-8627498.14720682,"""Driving Under the Influence""",2024-10-06,"""90D"""
4041,420550125014041,4828652.53765938,-8630213.67569774,"""Shoplifting""",2024-10-05,"""S"""
2020,420550122002020,4830765.4433096,-8636700.59851681,"""Statutory Rape""",2024-10-05,"""S"""
1005,420550121001005,4831957.9781588,-8641142.24764639,"""Drug/Narcotic Violations""",2024-10-04,"""35A"""
4041,420550125014041,4828667.88368031,-8630219.01903574,"""Shoplifting""",2024-10-04,"""S"""
2017,420010317002017,4835228.29941336,-8612355.90905294,"""Simple Assault""",2024-10-04,"""13B"""
2009,420550125012009,4831397.38960709,-8634384.15054131,"""All Other Larceny""",2024-10-04,"""23H"""
1008,420550125021008,4826570.04121878,-8624792.52601782,"""Intimidation""",2024-10-04,"""13C"""
1021,420550124001021,4829128.99888723,-8636329.01385815,"""Simple Assault""",2024-10-03,"""13B"""
1011,420550124001011,4829567.11455544,-8636590.61476524,"""Simple Assault""",2024-10-03,"""13B"""
1011,420550124001011,4829600.12603164,-8636638.70480194,"""Burglary/Breaking and Entering""",2024-10-03,"""220"""
1011,420550124001011,4829866.97283689,-8636469.83309511,"""Destruction/Damage/Vandalism of Property""",2024-10-03,"""290"""
1006,420550121001006,4831838.06653681,-8641280.06121297,"""All Other Offenses""",2024-10-03,"""90Z"""
1018,420550125011018,4831585.93894842,-8627376.02981883,"""Pornography/Obscene Material""",2024-10-02,"""370"""
3025,420550123003025,4831166.4146119,-8636452.02203644,"""Destruction/Damage/Vandalism of Property""",2024-10-02,"""S"""
3001,420550123003001,4832000.12161881,-8635879.1717999,"""Weapons Law Violations""",2024-10-02,"""520"""
4034,420550125014034,4829697.27899347,-8634165.40758806,"""Intimidation""",2024-10-02,"""13C"""
1007,420550123001007,4830552.87285746,-8635524.3963991,"""Disorderly Conduct""",2024-10-02,"""S"""
2003,420550125022003,4827974.44083177,-8629945.17296804,"""Identity Theft""",2024-10-01,"""S"""
2030,420550124002030,4829760.11751098,-8634868.05643653,"""Intimidation""",2024-10-01,"""S"""
2020,420550122002020,4830765.4433096,-8636700.59851681,"""Trespass of Real Property""",2024-10-01,"""S"""
4041,420550125014041,4828686.99381849,-8630899.07001835,"""Driving Under the Influence""",2024-09-30,"""S"""
1000,420550121001000,4831641.25832057,-8639052.22353823,"""Drug/Narcotic Violations""",2024-09-29,"""35A"""
1000,420550121001000,4831628.22479335,-8639055.11784523,"""Drug Equipment Violations""",2024-09-29,"""35B"""
4041,420550125014041,4828667.88368031,-8630219.01903574,"""Shoplifting""",2024-09-29,"""S"""
4012,420550119004012,4830118.91239094,-8646115.22471814,"""Pornography/Obscene Material""",2024-09-29,"""370"""
4041,420550125014041,4828667.88368031,-8630219.01903574,"""Shoplifting""",2024-09-28,"""S"""
1007,420550123001007,4830652.93102168,-8635659.31566911,"""Simple Assault""",2024-09-28,"""13B"""
2017,420550124002017,4830037.97288859,-8635279.15945839,"""Simple Assault""",2024-09-28,"""S"""
2038,420010317002038,4834750.24256267,-8612880.33531413,"""Fondling""",2024-09-28,"""11D"""
3001,420550121003001,4827205.19538134,-8631772.48294146,"""Drug Equipment Violations""",2024-09-28,"""35B"""
3001,420550121003001,4827280.90132469,-8631614.0752604,"""Drug/Narcotic Violations""",2024-09-28,"""35A"""
3008,420550125013008,4832602.60051855,-8635118.5255121,"""Simple Assault""",2024-09-28,"""13B"""
1007,420550123001007,4830536.36552716,-8635535.52835082,"""Disorderly Conduct""",2024-09-27,"""90C"""
1008,420550124001008,4830226.78571381,-8636350.27594277,"""Shoplifting""",2024-09-27,"""S"""
2021,420550122002021,4830525.79499895,-8636708.16823248,"""Disorderly Conduct""",2024-09-27,"""90C"""
1033,420550125021033,4825839.25828368,-8624079.52441995,"""Simple Assault""",2024-09-27,"""13B"""
3025,420550121003025,4826077.34561653,-8645079.73028775,"""All Other Larceny""",2024-09-27,"""23H"""
2009,420550123002009,4831391.7418229,-8635537.08686724,"""All Other Larceny""",2024-09-26,"""S"""
2026,420550123002026,4830578.79229976,-8635850.11733218,"""Simple Assault""",2024-09-26,"""13B"""
2003,420550125022003,4827973.57225515,-8629819.60454317,"""Disorderly Conduct""",2024-09-26,"""S"""
4041,420550125014041,4828667.88368031,-8630219.01903574,"""Pocket-picking""",2024-09-25,"""S"""
1015,420550122001015,4830333.35648393,-8637150.44069781,"""False Pretense/Swindle/Confidence Game""",2024-09-25,"""26A"""
1032,420550124001032,4828995.80159942,-8637033.88908723,"""Theft From Motor Vehicle""",2024-09-25,"""23F"""
2014,420550122002014,4830707.23210576,-8637239.83029566,"""Destruction/Damage/Vandalism of Property""",2024-09-25,"""290"""
2030,420550122002030,4830490.75323904,-8636948.95236449,"""Intimidation""",2024-09-25,"""13C"""
2030,420550122002030,4830488.00203262,-8636949.50896198,"""Destruction/Damage/Vandalism of Property""",2024-09-25,"""290"""
3012,420550125013012,4831502.09014669,-8638036.32154102,"""Weapons Law Violations""",2024-09-23,"""520"""
3024,420550123003024,4830954.2699827,-8636292.50114563,"""Simple Assault""",2024-09-23,"""13B"""
1010,420550124001010,4830030.44355319,-8636492.54228655,"""Disorderly Conduct""",2024-09-23,"""90C"""
4028,420010316004028,4829049.95017157,-8613131.58319837,"""Fondling""",2024-09-23,"""11D"""
4041,420550125014041,4828667.88368031,-8630219.01903574,"""Shoplifting""",2024-09-23,"""S"""
2011,420550124002011,4829990.0462424,-8635660.20619195,"""All Other Larceny""",2024-09-22,"""23H"""
4024,420550125014024,4829114.95533269,-8633317.93201072,"""Shoplifting""",2024-09-22,"""S"""
1007,420550123001007,4830569.66981636,-8635546.99426363,"""Disorderly Conduct""",2024-09-22,"""90C"""
2013,420550121002013,4828464.47825449,-8633679.3864775,"""Simple Assault""",2024-09-22,"""13B"""
1038,420550124001038,4828877.95250617,-8636324.44974497,"""All Other Larceny""",2024-09-21,"""23H"""
4020,420550125014020,4830158.58700829,-8631933.89640191,"""Drug Equipment Violations""",2024-09-21,"""35B"""
4020,420550125014020,4830080.97691403,-8631741.64757736,"""Drug/Narcotic Violations""",2024-09-21,"""35A"""
1005,420550121001005,4832059.7882957,-8641361.21315828,"""Driving Under the Influence""",2024-09-21,"""90D"""
4041,420550125014041,4828683.66404733,-8630222.02466372,"""All Other Larceny""",2024-09-20,"""S"""
1002,420550123001002,4830966.72347601,-8634791.69130271,"""Shoplifting""",2024-09-20,"""23C"""
2011,420550125012011,4830568.94588933,-8633960.69102441,"""Motor Vehicle Theft""",2024-09-20,"""240"""
2010,420550124002010,4829919.67705506,-8635569.59209461,"""All Other Larceny""",2024-09-20,"""23H"""
3011,420550123003011,4831544.37633141,-8636005.40811894,"""Drug/Narcotic Violations""",2024-09-20,"""35A"""
1008,420550124001008,4830241.26537721,-8636339.92322763,"""Drug/Narcotic Violations""",2024-09-19,"""35A"""
2066,420010317002066,4828277.00236892,-8619319.16766988,"""Driving Under the Influence""",2024-09-19,"""90D"""
1008,420550124001008,4830226.78571381,-8636350.27594277,"""Driving Under the Influence""",2024-09-19,"""S"""
1008,420550124001008,4830226.78571381,-8636350.27594277,"""Intimidation""",2024-09-18,"""S"""
1012,420550124001012,4829418.27467844,-8636698.81733659,"""Counterfeiting/Forgery""",2024-09-18,"""250"""
1009,420550121001009,4832712.81718319,-8642096.81261604,"""Driving Under the Influence""",2024-09-18,"""90D"""
1008,420550122001008,4830120.21603028,-8636577.36776954,"""Disorderly Conduct""",2024-09-18,"""90C"""
2035,420550124002035,4829426.81702622,-8635876.94527986,"""Theft From Motor Vehicle""",2024-09-18,"""23F"""
2033,420010317002033,4833603.14453809,-8613478.34374826,"""Drug/Narcotic Violations""",2024-09-17,"""35A"""
1011,420550123001011,4830384.6152038,-8635749.0391932,"""All Other Larceny""",2024-09-17,"""S"""
2000,420550124002000,4830391.13115216,-8635757.83343605,"""Theft From Motor Vehicle""",2024-09-17,"""S"""
4041,420550125014041,4828667.88368031,-8630219.01903574,"""All Other Larceny""",2024-09-17,"""S"""
2003,420550125022003,4827973.57225515,-8629819.60454317,"""Disorderly Conduct""",2024-09-17,"""S"""
1022,420550124001022,4829318.95283159,-8636253.87318796,"""Destruction/Damage/Vandalism of Property""",2024-09-16,"""S"""
1001,420550125011001,4828887.36350485,-8626592.67418195,"""Theft From Building""",2024-09-16,"""23D"""
1011,420550123001011,4830376.07207802,-8635736.46008638,"""Fondling""",2024-09-16,"""S"""
4012,420550125014012,4827973.13794239,-8630240.83762787,"""Fondling""",2024-09-16,"""S"""
1011,420550123001011,4830391.13115216,-8635757.83343605,"""Counterfeiting/Forgery""",2024-09-16,"""S"""
2020,420550123002020,4830943.40947669,-8635907.89218429,"""Theft of Motor Vehicle Parts or Accessories""",2024-09-15,"""23G"""
2031,420550125022031,4825543.71794083,-8628364.65822219,"""Destruction/Damage/Vandalism of Property""",2024-09-15,"""290"""
4041,420550125014041,4828683.66404733,-8630222.02466372,"""Pocket-picking""",2024-09-14,"""S"""
4042,420550125014042,4828096.76698139,-8630731.75674179,"""Drug/Narcotic Violations""",2024-09-14,"""35A"""
3042,420010316003042,4825573.09866829,-8612826.7901637,"""Human Trafficking, Commercial Sex Acts""",2024-09-13,"""64A"""
3013,420550123003013,4831279.51199044,-8636506.12333155,"""Drug/Narcotic Violations""",2024-09-13,"""35A"""
2003,420550125022003,4827973.57225515,-8629819.60454317,"""Identity Theft""",2024-09-13,"""S"""
4041,420550125014041,4828686.99381849,-8630899.07001835,"""Destruction/Damage/Vandalism of Property""",2024-09-13,"""S"""
1032,420550122001032,4829790.52330179,-8636895.40763745,"""Theft of Motor Vehicle Parts or Accessories""",2024-09-13,"""23G"""
2017,420550123002017,4831000.75317328,-8636141.4405518,"""Theft of Motor Vehicle Parts or Accessories""",2024-09-13,"""23G"""
1022,420550124001022,4829216.44675335,-8636182.51736692,"""Theft of Motor Vehicle Parts or Accessories""",2024-09-13,"""23G"""
4040,420010316004040,4833045.35987584,-8613714.89771224,"""Wire Fraud""",2024-09-13,"""26E"""
4006,420550125014006,4829006.950044,-8627520.41111403,"""Driving Under the Influence""",2024-09-13,"""90D"""
5033,420010316005033,4828321.44644504,-8616694.25325888,"""Intimidation""",2024-09-12,"""13C"""
1034,420550125021034,4825502.32587316,-8624028.09478227,"""Drug/Narcotic Violations""",2024-09-12,"""35A"""
4041,420550125014041,4828667.88368031,-8630219.01903574,"""Pocket-picking""",2024-09-12,"""S"""
4041,420550125014041,4828683.66404733,-8630222.02466372,"""All Other Offenses""",2024-09-11,"""S"""
1002,420550121001002,4831838.64584041,-8640809.84753708,"""Burglary/Breaking and Entering""",2024-09-11,"""220"""
3018,420550123003018,4831483.40903194,-8637878.02517475,"""Fondling""",2024-09-10,"""11D"""
2004,420550122002004,4830853.9191385,-8637052.03426344,"""Simple Assault""",2024-09-10,"""13B"""
1013,420550122001013,4830447.74761631,-8637140.9785439,"""Theft From Building""",2024-09-10,"""23D"""
1007,420550124001007,4830408.21740712,-8636368.86631268,"""All Other Larceny""",2024-09-10,"""23H"""
4040,420010316004040,4832728.46056539,-8613538.56756784,"""Identity Theft""",2024-09-10,"""26F"""
2011,420550124002011,4830049.12200685,-8635461.05556371,"""Destruction/Damage/Vandalism of Property""",2024-09-09,"""290"""
1021,420550124001021,4829322.71718172,-8636599.96559309,"""Drug/Narcotic Violations""",2024-09-09,"""35A"""
1011,420550123001011,4830376.07207802,-8635736.46008638,"""Identity Theft""",2024-09-09,"""S"""
1029,420550122001029,4829984.68882356,-8637159.56888136,"""False Pretense/Swindle/Confidence Game""",2024-09-09,"""26A"""
4041,420550125014041,4828667.88368031,-8630219.01903574,"""Shoplifting""",2024-09-09,"""S"""
2022,420550125022022,4826873.71736844,-8629735.22428759,"""Intimidation""",2024-09-09,"""13C"""
4041,420550125014041,4828815.84370011,-8630207.33049298,"""False Pretense/Swindle/Confidence Game""",2024-09-08,"""S"""
2008,420010317002008,4835391.13369957,-8612370.82587752,"""Driving Under the Influence""",2024-09-07,"""90D"""
3026,420550125013026,4832705.57559389,-8641322.69663501,"""False Pretense/Swindle/Confidence Game""",2024-09-07,"""26A"""
2003,420550125022003,4827973.57225515,-8629819.60454317,"""All Other Larceny""",2024-09-07,"""S"""
2017,420550123002017,4830970.92282205,-8636084.33363368,"""Motor Vehicle Theft""",2024-09-06,"""240"""
4041,420550125014041,4828699.87876252,-8630222.24730359,"""Pocket-picking""",2024-09-06,"""S"""
2003,420550125022003,4827974.44083177,-8629945.17296804,"""Intimidation""",2024-09-06,"""S"""
2002,420550121002002,4828510.08127704,-8632281.43587786,"""Drunkenness""",2024-09-05,"""90E"""
1031,420550124001031,4828771.68674902,-8637223.68886702,"""Burglary/Breaking and Entering""",2024-09-05,"""220"""
4041,420550125014041,4828667.88368031,-8630219.01903574,"""Pocket-picking""",2024-09-05,"""S"""
3027,420550125013027,4832702.38927293,-8641440.80665146,"""Simple Assault""",2024-09-05,"""13B"""
2004,420550122002004,4831057.08350635,-8637027.98925615,"""All Other Larceny""",2024-09-04,"""23H"""
3025,420550123003025,4831166.4146119,-8636452.02203644,"""Destruction/Damage/Vandalism of Property""",2024-09-04,"""S"""
1008,420550122001008,4830365.35693402,-8636655.40276929,"""Destruction/Damage/Vandalism of Property""",2024-09-04,"""290"""
3024,420550123003024,4830871.58547161,-8636446.34472579,"""Destruction/Damage/Vandalism of Property""",2024-09-04,"""S"""
4004,420550125014004,4830611.22824272,-8629454.47663177,"""Simple Assault""",2024-09-04,"""13B"""
4006,420550125014006,4829003.76491173,-8627496.92269398,"""Destruction/Damage/Vandalism of Property""",2024-09-03,"""290"""
2053,420010317002053,4830401.70225963,-8620317.1473231,"""Simple Assault""",2024-09-03,"""13B"""
1022,420550124001022,4829318.95283159,-8636253.87318796,"""Disorderly Conduct""",2024-09-03,"""S"""
2026,420550123002026,4830669.87292903,-8636135.76323934,"""Destruction/Damage/Vandalism of Property""",2024-09-02,"""S"""
1022,420550125011022,4828014.39597504,-8625097.09631216,"""Simple Assault""",2024-09-02,"""13B"""
4041,420550125014041,4828130.93172562,-8630690.56851905,"""Shoplifting""",2024-09-01,"""23C"""
2033,420010317002033,4833590.39813748,-8613466.43255838,"""Fondling""",2024-09-01,"""11D"""
2066,420010317002066,4828133.53806434,-8619836.35817855,"""Driving Under the Influence""",2024-09-01,"""90D"""
5045,420010316005045,4827937.52694146,-8613719.90683554,"""Stolen Property Offenses""",2024-08-31,"""280"""
3032,420550120013032,4837021.21613211,-8624961.28694308,"""Driving Under the Influence""",2024-08-31,"""90D"""
4041,420550125014041,4828813.67203288,-8630736.87747597,"""Shoplifting""",2024-08-31,"""23C"""
3001,420550123003001,4831840.67350747,-8637112.14685693,"""Drug Equipment Violations""",2024-08-30,"""35B"""
1006,420550121001006,4832138.1379249,-8641315.01555913,"""Drug/Narcotic Violations""",2024-08-30,"""35A"""
1006,420550121001006,4832274.85298505,-8641236.86925908,"""Drug Equipment Violations""",2024-08-30,"""35B"""
3001,420550123003001,4831832.99805247,-8637115.48644231,"""Simple Assault""",2024-08-30,"""13B"""
4041,420550125014041,4828134.84041358,-8630643.81431851,"""Shoplifting""",2024-08-29,"""S"""
2019,420550124002019,4829567.83852549,-8635895.09036963,"""Destruction/Damage/Vandalism of Property""",2024-08-28,"""290"""
3007,420550120023007,4838097.55560107,-8635764.84695448,"""All Other Larceny""",2024-08-27,"""23H"""
1007,420550123001007,4830693.91026768,-8635763.39942756,"""Disorderly Conduct""",2024-08-27,"""S"""
2024,420550123002024,4830625.70814136,-8635814.71772541,"""Counterfeiting/Forgery""",2024-08-26,"""250"""
2000,420550124002000,4830313.37443541,-8635864.92281572,"""False Pretense/Swindle/Confidence Game""",2024-08-26,"""26A"""
1008,420550122001008,4830097.19365477,-8636593.62041911,"""Drunkenness""",2024-08-26,"""90E"""
2031,420550124002031,4827868.32926317,-8634738.48041365,"""Disorderly Conduct""",2024-08-25,"""90C"""
3004,420550123003004,4831196.82476143,-8637078.19436921,"""Disorderly Conduct""",2024-08-25,"""90C"""
5067,420010316005067,4828235.01981046,-8616578.92622605,"""Driving Under the Influence""",2024-08-25,"""90D"""
2022,420550123002022,4830929.50800109,-8636305.6368484,"""Simple Assault""",2024-08-24,"""S"""
2003,420550125022003,4827973.57225515,-8629819.60454317,"""Destruction/Damage/Vandalism of Property""",2024-08-24,"""S"""
2033,420550125022033,4825431.69867762,-8627861.93923914,"""Driving Under the Influence""",2024-08-24,"""90D"""
2025,420550123002025,4830764.42971258,-8636043.59067694,"""Simple Assault""",2024-08-24,"""S"""
4041,420550125014041,4828815.84370011,-8630207.33049298,"""Disorderly Conduct""",2024-08-24,"""S"""
1006,420550125021006,4827655.96573601,-8624890.70989379,"""Drug Equipment Violations""",2024-08-23,"""35B"""
1006,420550125021006,4827694.90604077,-8624881.24773606,"""Drug/Narcotic Violations""",2024-08-23,"""35A"""
1023,420550125011023,4828273.0933039,-8625730.50442562,"""Drug/Narcotic Violations""",2024-08-23,"""S"""
1013,420550125021013,4826650.9531653,-8624308.84268328,"""Driving Under the Influence""",2024-08-23,"""90D"""
2000,420550125022000,4828273.0933039,-8625730.50442562,"""Drug/Narcotic Violations""",2024-08-23,"""S"""
2000,420550125022000,4828182.32408845,-8625482.9297962,"""Driving Under the Influence""",2024-08-23,"""90D"""
4041,420550125014041,4828652.53765938,-8630213.67569774,"""Shoplifting""",2024-08-23,"""S"""
5032,420010316005032,4829995.5493595,-8616316.32355325,"""Driving Under the Influence""",2024-08-23,"""90D"""
1049,420010317001049,4831670.65706669,-8622491.32904082,"""All Other Larceny""",2024-08-23,"""23H"""
4041,420550125014041,4828652.53765938,-8630213.67569774,"""Pocket-picking""",2024-08-23,"""S"""
2025,420550123002025,4830764.42971258,-8636043.59067694,"""Credit Card/Automatic Teller Machine Fraud""",2024-08-22,"""S"""
2023,420550123002023,4830809.31917409,-8635681.80222114,"""Destruction/Damage/Vandalism of Property""",2024-08-22,"""290"""
1036,420550125021036,4825731.86713811,-8622899.64876308,"""Credit Card/Automatic Teller Machine Fraud""",2024-08-21,"""26B"""
2026,420550123002026,4830669.87292903,-8636135.76323934,"""Simple Assault""",2024-08-21,"""S"""
1005,420550124001005,4830342.4788116,-8636262.66748199,"""Burglary/Breaking and Entering""",2024-08-21,"""220"""
2028,420550124002028,4829899.2614161,-8635148.58164793,"""All Other Offenses""",2024-08-21,"""90Z"""
4041,420550125014041,4828683.66404733,-8630222.02466372,"""All Other Larceny""",2024-08-20,"""S"""
4041,420550125014041,4828667.88368031,-8630219.01903574,"""Shoplifting""",2024-08-20,"""S"""
2051,420010317002051,4832685.44501216,-8619256.82895632,"""Intimidation""",2024-08-20,"""13C"""
2008,420550123002008,4831289.79366773,-8635844.55139169,"""Theft From Motor Vehicle""",2024-08-20,"""23F"""
2019,420550122002019,4830728.08385237,-8636826.83485691,"""Drug Equipment Violations""",2024-08-20,"""35B"""
2011,420550125022011,4827737.46525518,-8629847.21177365,"""Simple Assault""",2024-08-20,"""13B"""
4012,420550125014012,4828058.11465922,-8630327.11026444,"""All Other Offenses""",2024-08-20,"""90Z"""
4002,420550119004002,4833663.83336651,-8645957.70776855,"""Driving Under the Influence""",2024-08-19,"""90D"""
2004,420550125012004,4831847.76978773,-8635146.24403596,"""Drug Equipment Violations""",2024-08-19,"""35B"""
2004,420550125012004,4831729.88695223,-8635195.00198222,"""Drug/Narcotic Violations""",2024-08-19,"""35A"""
2009,420550122002009,4831083.5834927,-8637398.12667995,"""Identity Theft""",2024-08-19,"""26F"""
2004,420550125012004,4831634.16248028,-8635246.43159821,"""Simple Assault""",2024-08-19,"""13B"""
1003,420550123001003,4830510.88060763,-8635001.3059464,"""Simple Assault""",2024-08-19,"""13B"""
1008,420550123001008,4830479.31409581,-8635405.17318353,"""Theft From Motor Vehicle""",2024-08-19,"""23F"""
4041,420550125014041,4828652.53765938,-8630213.67569774,"""Drug Equipment Violations""",2024-08-19,"""S"""
4041,420550125014041,4828683.66404733,-8630222.02466372,"""Pocket-picking""",2024-08-19,"""S"""
4041,420550125014041,4828667.88368031,-8630219.01903574,"""Drug/Narcotic Violations""",2024-08-19,"""S"""
3027,420550125013027,4832683.27141151,-8641305.3307879,"""Drug/Narcotic Violations""",2024-08-19,"""35A"""
2003,420550120022003,4836573.06463633,-8636397.47574137,"""All Other Larceny""",2024-08-18,"""23H"""
1000,420550122001000,4830675.66504136,-8636285.82196008,"""Burglary/Breaking and Entering""",2024-08-18,"""220"""
3006,420550121003006,4827892.93885293,-8635342.27752149,"""Theft From Building""",2024-08-17,"""23D"""
4041,420550125014041,4828667.88368031,-8630219.01903574,"""Shoplifting""",2024-08-17,"""S"""
4041,420550125014041,4828667.88368031,-8630219.01903574,"""Pocket-picking""",2024-08-17,"""S"""
2010,420550123002010,4831370.59908324,-8635538.0887419,"""Simple Assault""",2024-08-17,"""S"""
1014,420550121001014,4830606.30453388,-8638102.5566136,"""Simple Assault""",2024-08-17,"""13B"""
3009,420010316003009,4826216.43971645,-8614768.9819587,"""Simple Assault""",2024-08-17,"""13B"""
2006,420550123002006,4831234.76527274,-8635899.20927597,"""False Pretense/Swindle/Confidence Game""",2024-08-16,"""26A"""
2000,420550122002000,4830787.88801852,-8636497.21774475,"""Drug/Narcotic Violations""",2024-08-16,"""S"""
2000,420550122002000,4830787.88801852,-8636497.21774475,"""Drug Equipment Violations""",2024-08-16,"""S"""
1002,420550121001002,4831650.23697599,-8639179.46175638,"""Drug/Narcotic Violations""",2024-08-15,"""35A"""
4029,420550125014029,4828152.64673538,-8629298.29521395,"""All Other Offenses""",2024-08-15,"""90Z"""
1011,420550122001011,4830443.40363525,-8636945.05617871,"""Simple Assault""",2024-08-14,"""13B"""
3024,420550123003024,4830922.26765552,-8636539.74181028,"""All Other Offenses""",2024-08-14,"""90Z"""
4028,420550125014028,4828005.13084831,-8629222.15265106,"""Weapons Law Violations""",2024-08-13,"""520"""
4041,420550125014041,4828114.13887028,-8630717.50784339,"""Shoplifting""",2024-08-13,"""S"""
2002,420550121002002,4828499.80249996,-8632248.5966173,"""All Other Offenses""",2024-08-12,"""90Z"""
2024,420550122002024,4830776.15884683,-8636503.34031807,"""Burglary/Breaking and Entering""",2024-08-11,"""220"""
1032,420550124001032,4829117.85075174,-8637046.80215834,"""False Pretense/Swindle/Confidence Game""",2024-08-11,"""26A"""
4041,420550125014041,4828203.89408492,-8631167.23873116,"""Simple Assault""",2024-08-11,"""13B"""
3012,420010316003012,4826243.6502934,-8620056.77074462,"""Simple Assault""",2024-08-10,"""13B"""
5009,420010316005009,4831205.36974384,-8614288.5271356,"""Theft From Building""",2024-08-10,"""23D"""
5009,420010316005009,4831237.95221145,-8614295.42894781,"""Stolen Property Offenses""",2024-08-10,"""280"""
2008,420550125012008,4831784.19404154,-8634002.65854669,"""Aggravated Assault""",2024-08-09,"""13A"""
2016,420550123002016,4831020.88148881,-8635817.16677487,"""Intimidation""",2024-08-09,"""13C"""
1001,420550122001001,4830500.0204989,-8636302.85383864,"""All Other Larceny""",2024-08-09,"""23H"""
4041,420550125014041,4828683.66404733,-8630222.02466372,"""Drug/Narcotic Violations""",2024-08-09,"""S"""
4041,420550125014041,4828667.88368031,-8630219.01903574,"""Drug Equipment Violations""",2024-08-09,"""S"""
2024,420550123002024,4830638.45075052,-8635868.4850569,"""Theft From Building""",2024-08-08,"""S"""
2003,420550124002003,4830044.19897433,-8636242.18467427,"""Destruction/Damage/Vandalism of Property""",2024-08-08,"""290"""
4041,420550125014041,4828683.66404733,-8630222.02466372,"""Shoplifting""",2024-08-08,"""S"""
1026,420550122001026,4829990.33573416,-8637521.02338111,"""Burglary/Breaking and Entering""",2024-08-08,"""220"""
1022,420550124001022,4829300.4205789,-8636287.26904469,"""Simple Assault""",2024-08-08,"""13B"""
2033,420010317002033,4833973.95610281,-8612836.4753822,"""Driving Under the Influence""",2024-08-07,"""90D"""
4041,420550125014041,4828134.84041358,-8630643.81431851,"""Shoplifting""",2024-08-07,"""S"""
1005,420550125021005,4826956.36901993,-8624226.68888871,"""Curfew/Loitering/Vagrancy Violations""",2024-08-07,"""90B"""
1025,420010317001025,4837069.03231706,-8612319.84161879,"""Simple Assault""",2024-08-06,"""13B"""
4042,420550125014042,4827972.26934109,-8630605.29775451,"""Drug/Narcotic Violations""",2024-08-06,"""35A"""
4042,420550125014042,4827978.78370942,-8630702.14574207,"""Drug Equipment Violations""",2024-08-06,"""35B"""
3026,420550125013026,4833127.19202208,-8640429.35746374,"""Counterfeiting/Forgery""",2024-08-05,"""250"""
2002,420550124002002,4829981.79302504,-8635952.41994612,"""Destruction/Damage/Vandalism of Property""",2024-08-05,"""290"""
1012,420550123001012,4829997.28593811,-8634896.10896891,"""Drug/Narcotic Violations""",2024-08-04,"""35A"""
1012,420550123001012,4829916.92604556,-8634793.36104278,"""Drug Equipment Violations""",2024-08-04,"""S"""
1002,420550121001002,4831712.21892754,-8639168.32980695,"""Motor Vehicle Theft""",2024-08-04,"""240"""
1002,420550121001002,4831671.66994363,-8639177.0127279,"""Destruction/Damage/Vandalism of Property""",2024-08-04,"""290"""
1008,420550123001008,4830543.89520092,-8635181.19830136,"""Simple Assault""",2024-08-03,"""13B"""
2017,420550123002017,4830983.23145132,-8636107.59941515,"""Simple Assault""",2024-08-03,"""13B"""
5003,420010316005003,4833332.28696129,-8614620.37074781,"""Theft From Building""",2024-08-03,"""23D"""
1008,420550124001008,4830226.78571381,-8636350.27594277,"""Shoplifting""",2024-08-02,"""S"""
3002,420550125013002,4832125.97312612,-8632783.70975898,"""Runaway""",2024-08-02,"""90I"""
2001,420010317002001,4835910.65662843,-8611861.31643483,"""All Other Offenses""",2024-08-01,"""90Z"""
2010,420550119002010,4835538.46740552,-8646776.57429322,"""Simple Assault""",2024-08-01,"""13B"""
3024,420550123003024,4831076.63270888,-8636530.94757553,"""Motor Vehicle Theft""",2024-08-01,"""240"""
1014,420550125021014,4826688.44209677,-8624289.58440723,"""Curfew/Loitering/Vagrancy Violations""",2024-08-01,"""90B"""
2027,420550120012027,4836932.10552866,-8633360.01118484,"""All Other Larceny""",2024-07-31,"""23H"""
2025,420550124002025,4828610.84266468,-8635422.31629646,"""Impersonation""",2024-07-31,"""26C"""
2007,420550123002007,4831224.48368608,-8635892.64142344,"""Theft From Motor Vehicle""",2024-07-31,"""23F"""
1009,420550123001009,4830565.76018695,-8635342.61161452,"""False Pretense/Swindle/Confidence Game""",2024-07-31,"""26A"""
2009,420550123002009,4831370.59908324,-8635538.0887419,"""Theft From Motor Vehicle""",2024-07-31,"""S"""
3008,420550120023008,4838643.01517074,-8635526.2892387,"""Drug Equipment Violations""",2024-07-30,"""35B"""
3031,420010316003031,4826813.35857459,-8612227.66853888,"""Driving Under the Influence""",2024-07-29,"""90D"""
1025,420550124001025,4829153.61163158,-8636053.72067269,"""Credit Card/Automatic Teller Machine Fraud""",2024-07-29,"""26B"""
4041,420550125014041,4828683.66404733,-8630222.02466372,"""Shoplifting""",2024-07-29,"""S"""
4041,420550125014041,4828667.88368031,-8630219.01903574,"""Impersonation""",2024-07-29,"""S"""
2005,420550121002005,4828487.78645291,-8632709.4594525,"""Simple Assault""",2024-07-28,"""13B"""
1000,420550123001000,4831566.53318856,-8635270.14265375,"""Simple Assault""",2024-07-28,"""13B"""
3018,420550123003018,4831868.62379181,-8637245.17369138,"""Disorderly Conduct""",2024-07-28,"""90C"""
